"sentence","startTime","endTime","speaker_id","speaker_name"
"Fala, turma!","01:03","01:04",0,"speaker 1"
"E aí, pessoal!","01:04","01:05",1,"speaker 2"
"E aí, turma, tudo bem?","01:05","01:07",2,"speaker 3"
"Tudo bem, Rafael?","01:07","01:09",0,"speaker 1"
"Tudo bem, e vocês?","01:09","01:10",1,"speaker 2"
"Tudo bem!","01:10","01:11",3,"speaker 4"
"Demais!","01:11","01:13",2,"speaker 3"
"Boa!","01:13","01:13",3,"speaker 4"
"Tô me aguentando aqui pra entrar, só minutinho.","01:13","01:16",1,"speaker 2"
"Beleza!","01:16","01:18",3,"speaker 4"
"O Gui tá entrando também.","01:18","01:21",4,"speaker 5"
"Beleza!","01:21","01:22",2,"speaker 3"
"O Gui tá entrando aqui já também.","01:22","01:24",2,"speaker 3"
"Boa!","01:24","01:24",4,"speaker 5"
"O Marcinho falou que vai se atrasar, mas ele vai ver o Fireflys aí depois, então tá tranquilo.","01:24","01:29",2,"speaker 3"
"Boa!","01:29","01:30",0,"speaker 1"
"Show!","01:30","01:30",3,"speaker 4"
"Maravilha.","01:34","01:35",4,"speaker 5"
"Tô esperando o Gui.","01:35","01:38",1,"speaker 2"
"Meu Deus.","01:38","01:40",3,"speaker 4"
"Eu acho que vai ficar pouco desagradável, né?","02:06","02:08",3,"speaker 4"
"Eu acho que vai ficar pouco desagradável, né?","02:08","02:36",3,"speaker 4"
"Alguém.","02:37","02:40",3,"speaker 4"
"Tem que aprovar ele entrar aí.","02:55","02:58",1,"speaker 2"
"boa.","02:58","03:02",0,"speaker 1"
"Entrou e saiu.","03:02","03:04",1,"speaker 2"
"saiu?","03:05","03:07",0,"speaker 1"
"Ficou ofendido.","03:07","03:09",2,"speaker 3"
"Brincadeira.","03:09","03:10",2,"speaker 3"
"Desculpa, não vou aprovar não.","03:10","03:12",0,"speaker 1"
"Boa, podia negar algo mesmo.","03:12","03:16",2,"speaker 3"
"E aí?","03:16","03:16",2,"speaker 3"
"E aí?","03:16","03:18",4,"speaker 5"
"Como é que vocês estão?","03:18","03:21",4,"speaker 5"
"Bem amassada.","03:21","03:24",3,"speaker 4"
"Por que?","03:24","03:27",3,"speaker 4"
"Estava amassada semana passada?","03:27","03:28",4,"speaker 5"
"Bom, semana passada começou com a AWS, né?","03:29","03:32",3,"speaker 4"
"A gente sofreu relativamente menos porque a gente é...","03:32","03:37",3,"speaker 4"
"A gente tem a AWS, mas a gente está na GCP agora.","03:37","03:40",3,"speaker 4"
"Mas os nossos clientes são VTECs que sofreram.","03:40","03:43",3,"speaker 4"
"Então, anyway, todo mundo está hair on fire, né?","03:43","03:46",3,"speaker 4"
"E aí, na terça-feira, a gente teve incidente muito brutal porque provedor nosso do CDN, que é a Asrium, Literalmente fez uma configuração errada na nossa conta e derrubou o tráfego para todas as nossas lojas.","03:46","04:00",3,"speaker 4"
"Aí a gente teve que ir correndo, voltar para a Cloudflare.","04:00","04:03",3,"speaker 4"
"Uma cagada, cara.","04:03","04:04",3,"speaker 4"
"Então sim, semana passada foi bem animada.","04:04","04:07",3,"speaker 4"
"Boa.","04:07","04:08",4,"speaker 5"
"Eu não entendi de porra nenhum o que você falou, mas tudo bem.","04:08","04:11",4,"speaker 5"
"É muita merda, é muita merda.","04:11","04:13",3,"speaker 4"
"Eu entendi e mesmo assim não mudou nada.","04:14","04:17",0,"speaker 1"
"Esse é o tipo de problema que não é controlável, né?","04:17","04:22",0,"speaker 1"
"Bom, esse de mudar a cloud, sim.","04:22","04:26",0,"speaker 1"
"A gente nem sofreu muito com a AWS.","04:26","04:28",0,"speaker 1"
"E outras que a gente está mudando de ramo, né?","04:28","04:31",3,"speaker 4"
"E deixando de vender hosting e passando a vender AI credits, que dá muito mais dinheiro.","04:31","04:37",3,"speaker 4"
"Bota fé.","04:37","04:38",0,"speaker 1"
"Massa.","04:38","04:39",0,"speaker 1"
"Perfeito.","04:39","04:40",2,"speaker 3"
"Bom, vamos lá.","04:40","04:42",4,"speaker 5"
"Seguinte, deixa eu começar aqui, pelo menos com as apresentações e pouco Da ideia e Da visão.","04:42","04:48",4,"speaker 5"
"Eu acho que, cara, aqui são duas empresas relativamente super recentes.","04:48","04:52",4,"speaker 5"
"A gente tem aqui os fundadores, o Gui, o Baby, Da Deco e o Antônio, Da Nect.","04:52","04:59",4,"speaker 5"
"E, cara, são duas empresas que a gente, cara, de uma certa forma, entrou aí de uma forma super especial pra gente, né?","04:59","05:09",4,"speaker 5"
"Ou seja, em diferentes razões e momentos, mas tem empresas que não só a gente escolheu estar junto, mas escolheram a gente pra estar junto, então isso pra gente faz muita diferença, né?","05:09","05:20",4,"speaker 5"
"Acho que esse é relacionamento que a gente cria de longo prazo pra caralho.","05:20","05:24",4,"speaker 5"
"E, cara, acho que são duas… são times parecidos, eu acho que depois vale a pena vocês se conhecerem Fora daqui, acho que a intro tá feita de uma forma até mais engraçada e divertida.","05:24","05:36",4,"speaker 5"
"E a gente pensando em coisas que a gente pode usar aqui.","05:36","05:39",4,"speaker 5"
"Mas, cara, puto… Antônio é o meu irmão… Puta, meu irmão nerd das antigas.","05:39","05:46",4,"speaker 5"
"Meu irmão second time, com uma história linda de vida, assim.","05:46","05:50",4,"speaker 5"
"Fodida, de sociedade, assim.","05:50","05:52",4,"speaker 5"
"Acho que vocês e o Baby vão ter esse… Vai ser legal essa troca, né, por causa que o Antônio… nessa segunda jornada mas relacionamento com sócios cara por mim irmão visão de produto cara várias coisas que a gente eu consigo ver na depo e Da mesma forma do outro lado aqui exatamente parecido só quanto acho que o Gui e o Babson além de ser só super complementares o Gui também é outro é doente técnico fudido socorro Então, assim, milhões de qualidades, eu diria, assim, na física.","05:52","06:29",4,"speaker 5"
"Não fala que eu dei o potencial, viu?","06:29","06:31",3,"speaker 4"
"Dei o potencial, cara.","06:31","06:33",3,"speaker 4"
"Chega de potencial, eu quero ter respeito agora.","06:33","06:36",3,"speaker 4"
"Mas eu acho que tem, cara, realmente é muito legal o que os dois estão construindo.","06:36","06:43",4,"speaker 5"
"E aí a razão de botar vocês dois aqui com uma provocação vindo Da Norte, que é o seguinte, acho que a gente já conversou tanto com Gui, quanto com o Antônio, tanto com o Da, quanto com o Nect, que eu acho que a gente tem algumas coisas na Norte, algumas rotinas de Norte.","06:43","07:03",4,"speaker 5"
"O que eu estou querendo, cada vez mais, é tão complicado.","07:04","07:08",4,"speaker 5"
"A gente vê tanta inovação, a gente vê tanta gente foda do nosso lado.","07:08","07:11",4,"speaker 5"
"Foda-se que eu sou fundo de VC.","07:11","07:14",4,"speaker 5"
"Realmente, eu preciso dar dinheiro, eu preciso investir em bons fundos que vão ganhar dinheiro.","07:14","07:17",4,"speaker 5"
"Sim, isso é a base.","07:17","07:19",4,"speaker 5"
"Mas, caralho, eu estou vendo tanta coisa disruptiva que eu quero trazer isso para dentro Da Norte.","07:19","07:23",4,"speaker 5"
"Eu quero melhorar, eu quero ser diferenciado como fundo.","07:23","07:27",4,"speaker 5"
"E aí, vendo e vendendo, e conhecendo vocês, e falando mais de vocês, entendeu?","07:27","07:33",4,"speaker 5"
"a gente ficou com uma visão, tem algumas coisas que são dores que eu tenho e que eu realmente acho que eu consigo adereçar usando pedaços do que a Nect faz e usando pedaços do que a Deco faz.","07:34","07:47",4,"speaker 5"
"Então, o que eu sugiro até nesse primeiro momento?","07:47","07:50",4,"speaker 5"
"E aí, antes de eu falar o que eu pensei, o cara...","07:50","07:54",4,"speaker 5"
"Puta, eu adoraria que fosse, sei lá, meu irmão, puta...","07:54","07:56",4,"speaker 5"
"Vi e Antônio, Baby.","07:56","07:57",4,"speaker 5"
"Cada fala, conta pouco pra vocês o que é a Deco, o que é a Nect, nas palavras de vocês, pra vocês entenderem pouco de cada contexto, e aí eu trago as minhas dúvidas e maluquices, e a gente pensa junto.","07:57","08:13",4,"speaker 5"
"O que dá para fazer?","08:13","08:14",4,"speaker 5"
"Que tal assim?","08:14","08:15",4,"speaker 5"
"Ótimo.","08:15","08:16",0,"speaker 1"
"Antônio, eu vi a sua landing page que, aliás, está linda, bem cheirosa.","08:16","08:24",3,"speaker 4"
"E, para mim, é muito óbvio que a gente tenha uma parceria e uma integração first class, porque você complementa a nossa proposta de valor absurdamente.","08:24","08:36",3,"speaker 4"
"Por quê?","08:36","08:38",3,"speaker 4"
"A nossa proposta de valor é O software está ficando mais fácil de fazer.","08:38","08:42",3,"speaker 4"
"As pessoas vão fazer mais software interno, ferramentas para quaisquer operações delas do dia a dia.","08:42","08:49",3,"speaker 4"
"E o jeito que a gente está expressando isso...","08:49","08:52",3,"speaker 4"
"Você lembra Da época do PHP MyAdmin, provavelmente?","08:52","08:55",3,"speaker 4"
"Que era o admin de MySQL, né?","08:55","08:58",3,"speaker 4"
"A gente está fazendo o MCP MyAdmin, praticamente.","08:58","09:02",3,"speaker 4"
"A gente é admin open source, web, TypeScript.","09:02","09:05",3,"speaker 4"
"de MCPs.","09:06","09:08",3,"speaker 4"
"Então, o que tem no admin de MCPs?","09:08","09:09",3,"speaker 4"
"Você entra, coloca os MCPs que você já tem e grava seguramente lá seus tokens, chama usuários, dá permissões para eles, aí agora os usuários podem chamar esses MCPs, né?","09:09","09:22",3,"speaker 4"
"Aí agora você está centralizando todo o contexto É rico, né, que você tem para agentes, integrações, workflows e tal, né?","09:22","09:30",3,"speaker 4"
"Aí, em cima disso, você começa a fazer ferramentas baseadas nos seus MCPs.","09:30","09:35",3,"speaker 4"
"E toda ferramenta que você faz vira MCP.","09:35","09:38",3,"speaker 4"
"Então, é composable, né?","09:38","09:40",3,"speaker 4"
"Então, você vai ter ferramentas em cima de ferramentas.","09:40","09:43",3,"speaker 4"
"Então, qual é o grande desafio?","09:43","09:46",3,"speaker 4"
"Os dados estarem limpos, organizados e serem necessários, suficientes e relevantes para a gente usar, para o workflow a gente usar.","09:46","09:57",3,"speaker 4"
"Para a gente é só pedacinho, tá?","09:57","10:00",3,"speaker 4"
"É uma das peças.","10:00","10:01",3,"speaker 4"
"Workflow, UI, é tudo importante.","10:01","10:04",3,"speaker 4"
"Então, me parece que você organiza o dado e seria MCP lindo, que o cara vai lá, instala o MCP na Next, aí entra na conta.","10:05","10:14",3,"speaker 4"
"Agora, todas as suas tabelas estão organizadas como tools aqui e todo mundo pode, dentro Da minha plataforma, usar.","10:14","10:21",3,"speaker 4"
"Cara, eu estou fazendo isso na mão agora para vários apps, que eu tenho que ir na mão, ir na data source, botar nosso SQLzinho e você.","10:21","10:30",3,"speaker 4"
"Dá tudo industrial, né?","10:30","10:32",0,"speaker 1"
"E acaba que vocês resolvem bem a parte transacional, né?","10:32","10:35",0,"speaker 1"
"Com os NMCPs e enfim.","10:35","10:38",0,"speaker 1"
"A gente é esse runtime e esse framework para fazer essas apps.","10:38","10:42",3,"speaker 4"
"A gente, a Nectar é uma camada analítica.","10:42","10:46",0,"speaker 1"
"Então, diferente de transacional, tipo Superbase, Postgres, a gente armazena Lake, vamos dizer assim.","10:46","10:54",0,"speaker 1"
"E ao criar MCP para testar os dados desse Lake, acaba permitindo coisas que vão além do MCP do HubSpot, MCP do, sei lá, de N tools que vão surgir.","10:54","11:07",0,"speaker 1"
"E uma das coisas que permite é tu construir camadas de abstração nos dados Da camada analítica para eles estarem o mais próximo possível do negócio.","11:07","11:17",0,"speaker 1"
"E aí, quando tu acessa esses dados via MCP, está mais próximo ainda para consumir.","11:17","11:22",0,"speaker 1"
"Então, além de ter o lado de estruturar a camada analítica de N fontes de dados, ele já tem mais de 100 integrações, tem essa camada que permite tu levar os dados num nível ainda mais consolidado, que é, enfim, o que tu falou, mas...","11:22","11:36",0,"speaker 1"
"É, então, aí pra gente isso é data source lindo, riquíssimo, pro cara automatizar lá em cima.","11:36","11:43",3,"speaker 4"
"É, e eu acho que vocês deveriam ser uma destination nossa também, porque daí a gente empurra dados também, não só o processo de vocês puxar, sabe?","11:43","11:52",0,"speaker 1"
"Pode ser bem massa, cara.","11:52","11:53",0,"speaker 1"
"E assim, a gente tem...","11:54","11:56",0,"speaker 1"
"Eu acho que o case Da Norte pode ser o case que a gente vai divulgar para o mercado inteiro, porque essa necessidade de, tipo, Toninho, beleza?","11:56","12:07",0,"speaker 1"
"Tenho meus dados, como que eu tiro mais valor deles?","12:07","12:10",0,"speaker 1"
"E aí tem duas formas de tu tirar mais valor dos teus dados.","12:10","12:14",0,"speaker 1"
"Uma é tu ir partir para uma etapa mais profunda de análise de dados, que exige ferramentas, enfim, dá para usar IA infinita também para ajudar nisso.","12:14","12:23",0,"speaker 1"
"E a outra coisa é como que tu usa no dia a dia do teu workflow, nas tuas ferramentas e etc.","12:23","12:29",0,"speaker 1"
"Então, vocês ajudam nas duas partes, eu imagino, porque dá pra criar mil coisas ali dentro do produto, né?","12:29","12:35",0,"speaker 1"
"Mas essa parte de, tipo, tu criar meio, data app, mini, uma ferramenta interna que é alimentada por esses dados, os meus clientes são super interessados.","12:35","12:46",0,"speaker 1"
"E óbvio que vocês entendem as complexidades do que vocês fazem e as complexidades do que eu faço.","12:46","12:52",0,"speaker 1"
"E sabem que não dá para fazer tudo isso, porque senão a gente seria Databricks com perplexo.","12:52","12:59",0,"speaker 1"
"Então acho que se complementa super.","12:59","13:03",0,"speaker 1"
"Eu não sei hoje o que vocês já estão fazendo com o Norte.","13:03","13:08",0,"speaker 1"
"mas o Marcinho avançou bem na camada de estruturação de dados, como se ele estivesse criando uma fonte Da verdade de dados de N lugares Da Norte.","13:08","13:17",0,"speaker 1"
"E, obviamente, a Nect, eu sei que o Gus tem a ideia de criar app ali para os founders, de conexão e tal.","13:19","13:26",0,"speaker 1"
"Então, todo esse dinamismo vai ter que ser criado, se é que não avançaram ainda.","13:26","13:31",0,"speaker 1"
"E aí, acho que seria case bem massa.","13:31","13:33",0,"speaker 1"
"Deixa eu entrar aqui, então.","13:33","13:34",4,"speaker 5"
"Vamos lá.","13:34","13:35",4,"speaker 5"
"Vocês que são...","13:35","13:36",4,"speaker 5"
"Eu entendo pouco o que eu falei.","13:36","13:38",4,"speaker 5"
"Eu consigo ver exatamente isso.","13:38","13:40",4,"speaker 5"
"Eu consigo ver...","13:40","13:41",4,"speaker 5"
"Quando eu comecei a falar individualmente com cada de dois, qual é a minha dor?","13:41","13:46",4,"speaker 5"
"Eu vou falar a dor para a gente pensar junto.","13:46","13:48",4,"speaker 5"
"Primeira dor.","13:49","13:50",4,"speaker 5"
"Eu tenho hoje 130 empresas no meu portfólio.","13:50","13:53",4,"speaker 5"
"né, vocês sendo duas delas.","13:53","13:56",4,"speaker 5"
"Cara, por mais que eu seja fundo follower, por mais que eu seja fundo que eu deveria, eu poderia ser muito low touch, eu diria que eu acabo sendo mais high touch do que qualquer outro fundo que você tem no cap table.","13:56","14:06",4,"speaker 5"
"Imagina que eu faço isso não para duas empresas, cara, eu devo ter, sei lá, a gente como uma máquina, a gente ajuda em go to market, a gente ajuda em contratação, a gente começou a criar processos internos nossos seja de divulgação de vaga no LinkedIn, que a gente soltou hoje, seja de, meu irmão, pegar uma lista de potenciais clientes e apresentar, seja ajudar com o evento, seja ajudar a captar a próxima rodada.","14:06","14:34",4,"speaker 5"
"Cara, eu diria que a gente tem...","14:34","14:37",4,"speaker 5"
"Esses são os três pilares, que é ajudar com receita de vocês, ser go-to-market, ajudar com captação e ajudar com hiring.","14:37","14:46",4,"speaker 5"
"Eu diria que esses três pilares a gente tenta ser bastante ativo de forma diferente.","14:46","14:50",4,"speaker 5"
"só que somos time de cinco nego sacou.","14:51","14:55",4,"speaker 5"
"Então meu irmão é uma coisa e para 130 empresas.","14:55","14:59",4,"speaker 5"
"O que acontece semeador.","14:59","15:00",4,"speaker 5"
"Então o primeiro lado Da época quando eu comecei a ver o que eles estavam construindo eu falei caralho.","15:00","15:05",4,"speaker 5"
"Será que eu preciso ser tão analógico como eu sou.","15:06","15:10",4,"speaker 5"
"Será que se eu não tivesse como se fosse negócio fosse lugar.","15:10","15:14",4,"speaker 5"
"lugar que é cerimônia.","15:14","15:17",3,"speaker 4"
"Não o cerimônia eu tenho que é o ato e que eu estou atualizando isso aí eu estou fazendo esse processo.","15:17","15:23",4,"speaker 5"
"Eu quero uma ferramenta que eu linkei com o meu prêmio de décimo se eu estou viajando.","15:23","15:28",4,"speaker 5"
"Imagina se eu tivesse lugar na décima.","15:28","15:30",4,"speaker 5"
"que eu consegui chegar, meu irmão, sei lá, meus clientes, meus investidores, os meus founders, tivessem lá lugar onde eles pudessem acessar, onde eles pudessem pedir intros, onde eles pudessem, a minha, como se, quase como se fosse minha internet.","15:31","15:46",4,"speaker 5"
"Você está fazendo site para os.","15:46","15:48",3,"speaker 4"
"Seus...","15:48","15:49",4,"speaker 5"
"Pode ser isso, pode ser chamado dessa forma.","15:49","15:52",4,"speaker 5"
"Eu gostaria de ter algo que, porra, entrou você lá no Dex e falou, caralho, cara, eu quero essas intros, eu quero falar com esses caras, eu quero isso, eu quero aquilo.","15:52","16:02",4,"speaker 5"
"E eu tivesse uma coisa que fosse...","16:02","16:05",4,"speaker 5"
"fosse uma coisa meio que… Porque, por exemplo, sei lá, se eu te apresento empresas pra você fechar negócio, às vezes você vai esquecer de falar pra mim, porque foram várias, e eu não sei… É, not as a service, quase isso.","16:05","16:18",4,"speaker 5"
"É.","16:18","16:19",3,"speaker 4"
"Eu não sei.","16:19","16:20",4,"speaker 5"
"Eu gostei do nome, by the way.","16:20","16:22",4,"speaker 5"
"By the way, isso vai ficar guardado.","16:22","16:24",4,"speaker 5"
"Porque imagina que tinha, assim, cara, porra, sei lá, Antônio, quantas empresas eu já apresentei?","16:24","16:28",4,"speaker 5"
"Ele fala, sei lá, 50.","16:28","16:29",4,"speaker 5"
"Cara, quantas eu… Você fechou, sei lá, três.","16:29","16:33",4,"speaker 5"
"Cara, quantas você… Tinha, assim, Eu preciso de fazer alguma coisa?","16:33","16:37",4,"speaker 5"
"Porque, assim, é uma coisa que teria uma forma de me comunicar mais rápido, de você ter uma coisa mais gravada, das informações serem lá, meu irmão, lugar, repositório de...","16:37","16:49",4,"speaker 5"
"E, além disso, de dados.","16:49","16:50",4,"speaker 5"
"Vamos pensar, aquilo ali, meu irmão, imagina ao longo Da história.","16:50","16:54",4,"speaker 5"
"Imagina que eu consiga...","16:54","16:56",4,"speaker 5"
"Claro que eu vou ter meu day-to-day no rolê, mas imagina que eu conseguisse ter essa área Entendeu que tudo acontecesse ali entre a relação entre a Norte e a Portfolio Compre usando de alguma forma a tecnologia Da NET.","16:56","17:13",4,"speaker 5"
"E na NET, o que eu estava falando com o Antônio, a NET já começa a ter API nesse Data Lake, essa acabada de Data Organizer, de Data Orchestration que ele tem.","17:13","17:27",4,"speaker 5"
"Imagina o seguinte, eu falo cara, É uma coisa super nobre, poucas empresas têm estruturado, mas uma vez eu estava almoçando com o Antônio e ele falou, pô, Hugo, eu tenho muita P.I.","17:27","17:37",4,"speaker 5"
"aqui dentro.","17:37","17:38",4,"speaker 5"
"Eu falei, imagina ser.","17:38","17:39",4,"speaker 5"
"De novo, claro que eu não sei quanto disso a gente vai conseguir, mas imagina se eu tivesse, sei lá, hoje são as empresas que eu estou apresentando aqui no Toninho e ele está fechando lá, mas imagina que eu tivesse uma porra de uma conexão entre Norte e a minha Portfolio Company que algumas informações básicas, mensais, que são naturalmente e de novo eu peço mas não com uma recorrência mas eu peço mas assim eu acredito o cara o que sei lá eu estava falando com só exemplo o cara do pessoal Da quanto light do lado do NIC Da revolute.","17:40","18:15",4,"speaker 5"
"O cara tem 20 e aí só que lá dentro.","18:15","18:18",4,"speaker 5"
"Meu irmão porque estou começando a tomar a decisão de investimento deles já está sendo totalmente automática baseado em métricas e cara na verdade é o seguinte o que nego das antigas o double triple triple as métricas de crescimento.","18:18","18:32",4,"speaker 5"
"Você tem padrão natural e o dado te dá isso.","18:32","18:36",4,"speaker 5"
"Então imagina se eu conseguisse puxar automaticamente dessa conexão com as empresas que eu tenho ou seja lugar onde eu conseguisse ter.","18:36","18:44",4,"speaker 5"
"o churn, a receita, o número de pessoas, se eu conseguir alimentar isso automaticamente, se eu precisar mandar e-mail pedindo as informações, se eu precisar ter que fazer call, ou seja, quando eu fizesse call com as minhas empresas ali seria uma coisa muito mais, tipo assim, galera, cara, seria uma coisa muito mais tática.","18:44","19:05",4,"speaker 5"
"Eu conseguiria ganhar velocidade e poder falar, meu irmão, e daqui a pouco o meu sistema, de alguma forma, falasse, porra, olha, a empresa XPTO, baseada nos dados que a gente puxou, baseada em tudo que a gente tem aqui, cara, essa empresa aqui, daqui a pouco ela deveria estar, você deveria estar olhando pra ela, porque ela vai estar em title de levantar round novo.","19:05","19:24",4,"speaker 5"
"Você deveria conversar com ela para pedir uma SFV.","19:24","19:27",4,"speaker 5"
"Cara, essa empresa aqui, ela está com 10 meses de runaway, ela está chegando no ponto of no return.","19:27","19:32",4,"speaker 5"
"Cara, você precisa de ajuda.","19:32","19:33",4,"speaker 5"
"Porque como o meu número de empresas vai aumentar, em algum momento, ou a empresa fala comigo ou eu não vou saber.","19:33","19:41",4,"speaker 5"
"E por mais que eu faça os calls de recorrência, os onboards, e a gente tem os grupos WhatsApp, acaba sendo mais reativo Da nossa parte, o que está tudo certo.","19:41","19:50",4,"speaker 5"
"Porque quando vocês pedem, a gente faça.","19:50","19:52",4,"speaker 5"
"A gente faz, entendeu?","19:52","19:53",4,"speaker 5"
"Então, isso é pouco Da minha...","19:54","19:57",4,"speaker 5"
"É possível o que eu tô pensando?","19:57","20:00",4,"speaker 5"
"Ou é uma alucinação louca?","20:00","20:02",4,"speaker 5"
"Entendeu?","20:02","20:03",4,"speaker 5"
"Gustavo, em Sponsored, tudo é possível, só depende do número de tokens que você tá disposto a gastar.","20:03","20:10",3,"speaker 4"
"Muito bom.","20:10","20:12",4,"speaker 5"
"Ô, Gui, tu quer que eu aceite o quê?","20:12","20:15",0,"speaker 1"
"O Green, deve ter pedido para entrar o Meeting Recorder.","20:16","20:19",3,"speaker 4"
"Eu acabei de perceber, idiotamente, que a gente estava há tempão aqui sem o Recorder.","20:19","20:26",3,"speaker 4"
"Eu uso o Granola, qualquer coisa, depois eu mando para vocês.","20:26","20:29",0,"speaker 1"
"A nossa empresa está agora sendo rodada 100% em agente que vai nos Meeting Notes, Meeting Transcripts, e vê o que está acontecendo com os nossos clientes, entendeu, Gustavo?","20:29","20:40",3,"speaker 4"
"E aí, nas reuniões, De começo de 20 semanas a gente usa isso.","20:40","20:45",3,"speaker 4"
"Então, importante para a gente gravar.","20:45","20:48",3,"speaker 4"
"Então, tudo é possível, Gustavo.","20:48","20:51",3,"speaker 4"
"O papel do Antônio e Da Nect é fazer esses conectores que aí tem...","20:51","21:00",3,"speaker 4"
"Pegar os seus dados é uma coisa.","21:00","21:03",3,"speaker 4"
"Pegar os dados de cada outra empresa, naturalmente, é outra coisa.","21:03","21:06",3,"speaker 4"
"E o nosso papel é fazer apps, fazer automações, fazer interfaces, dashboards que vocês precisem, usando os resources do Antônio e quaisquer outros que vocês já tenham, e APIs que vocês já tenham.","21:07","21:22",3,"speaker 4"
"Aí a gente tem que dividir agora a discussão em o cardápio do que dá para fazer, para já estabelecer NorteOS, isso aí, Norte Compass.","21:22","21:39",3,"speaker 4"
"E o mérito de cada ideia dessas e o qual seria uma MVP POC para a gente de fato fazer até o fim.","21:39","21:50",3,"speaker 4"
"Do que você falou Gustavo, eu já queria comentar que a ideia de você automatizar os seus insights sobre essas conexões e sobre sinergias internas do portfólio e sobre estar na hora de falar com esse cara.","21:50","22:11",3,"speaker 4"
"Isso eu acho super tratável, porque você tem esses dados, aí o Antônio consegue organizar eles, aí eu consigo fazer uma AI app que a gente descobre o que de fato são as tarefas que a gente quer.","22:11","22:22",3,"speaker 4"
"A parte de pegar os dados dos founders e auto-report, o que me parece que gera fricção é você ir lá e pedir para o founder, você vai ter que configurar essa porra aqui.","22:23","22:36",3,"speaker 4"
"Aí a alternativa que me aparece é Te ofereço essa ferramenta aqui que é muito boa para você, por favor use ela para medir o seu progresso.","22:36","22:44",3,"speaker 4"
"Aí o cara vai querer aderir e como uma consequência você fica sabendo das métricas dele.","22:44","22:50",3,"speaker 4"
"Mas é isso, o ângulo que eu estou indo, a minha vontade é, se a gente conseguir desenhar alguma coisa, eu em algum momento, na hora que eu fizer o Gui, eu vou falar, by the way, eu preciso que se instale na tua empresa, porque é a forma que eu me comunico com você.","22:50","23:05",4,"speaker 5"
"Eu vou ficar bobo o suficiente pra tentar botar na entrada no limite de convencer o cara que isso é do caralho.","23:05","23:13",4,"speaker 5"
"Entendeu?","23:13","23:13",4,"speaker 5"
"Porque a net não só vai ajudar ele a me ajudar a ter mais informação, mas ela vai ajudar ele em tudo que se diz respeito a dados internos.","23:13","23:22",4,"speaker 5"
"Eu acho que isso é trabalho que eu vou ter que fazer.","23:22","23:24",4,"speaker 5"
"Na hora que a gente chega num desenho que faz sentido e para de pé, eu vou pra cima de cada founder one-on-one.","23:24","23:31",4,"speaker 5"
"Não, perfeito.","23:32","23:33",3,"speaker 4"
"Antônio, você quer comentar?","23:33","23:35",3,"speaker 4"
"Eu queria mostrar pouquinho aqui o sistema pra gente ver o vocabulário, mas eu ouvi você...","23:35","23:39",3,"speaker 4"
"Não, tô bem animado de ver também.","23:39","23:41",0,"speaker 1"
"Caramba!","23:41","23:42",0,"speaker 1"
"safado!","23:42","23:44",3,"speaker 4"
"Deu char na minha frente.","23:44","23:47",3,"speaker 4"
"Tá maluco, moleque?","23:47","23:49",0,"speaker 1"
"Essa parte aqui é minha.","23:49","23:52",1,"speaker 2"
"Eu também gosto desse princípio de tu entregar algo, ter motivo para qual a pessoa vai reportar.","23:52","24:00",0,"speaker 1"
"Acho que motivo bem legal, mas eu não sei se abrange todo tipo de perfil das empresas que a Norte investe, acho que o portfólio também é bem heterogêneo, é esse motivo das conexões.","24:01","24:14",0,"speaker 1"
"Então, se de alguma forma você expressar o princípio de reciprocidade, que é tipo, cara, eu quero te conectar com mais empresas, então me ajuda a entender melhor o seu negócio.","24:14","24:24",0,"speaker 1"
"Eu acho que essa é uma mensagem que pelo menos eu, como founder, ia ver como tipo, do caralho, com certeza, me fala o que eu tenho que preencher aí, que eu quero te ajudar a me ajudar.","24:25","24:37",0,"speaker 1"
"Então é essa linha mesmo.","24:37","24:39",0,"speaker 1"
"Uma outra é utilitários do life cycle Da startup, por exemplo, gerador de investor updates.","24:39","24:47",3,"speaker 4"
"Se você me reportar o teu churn, a tua receita, eu consigo seguramente gerar para você tabela, PDF no seu tema, slide pronto para você gerar os investor updates.","24:47","24:59",3,"speaker 4"
"Aí é uma coisa que o cara vai querer usar porque tem que fazer CNB.","24:59","25:02",3,"speaker 4"
"Eu queria só adicionar ponto para o Google que eu acho mega legal.","25:02","25:07",2,"speaker 3"
"No fim, vocês serão os clientes, então imaginem também o que seria extremamente útil para vocês.","25:07","25:13",2,"speaker 3"
"Eu acho que expor a nossa network até lá, Todos os providers que a gente tem contato.","25:13","25:18",2,"speaker 3"
"Cara, você quer contato direto com a NVIDIA?","25:18","25:20",2,"speaker 3"
"Chama a gente que a gente coloca lá.","25:20","25:22",2,"speaker 3"
"Você quer contato direto com a AWS?","25:22","25:23",2,"speaker 3"
"Chama a gente que a gente coloca lá.","25:23","25:25",2,"speaker 3"
"E expondo também os possíveis clientes que a gente tem na nossa rede.","25:25","25:29",2,"speaker 3"
"Cara, ao invés de o Gu ter que lembrar que a gente tem contrato com alguém Da Ultra, É tipo pô não tá lá o login Da outra galera se vocês quiserem clica aqui e dispara alarme para a gente.","25:29","25:39",2,"speaker 3"
"Isso é isso.","25:39","25:41",2,"speaker 3"
"Vocês são os clientes mesmo.","25:41","25:44",2,"speaker 3"
"Vamos lá vai além.","25:44","25:45",4,"speaker 5"
"Vai além né.","25:45","25:46",4,"speaker 5"
"Pensa assim os serviços que a gente tem investidos com a gente.","25:46","25:49",4,"speaker 5"
"Eu posso chegar para o cara e falar meu irmão posso não precisar fazer opt-in.","25:49","25:53",4,"speaker 5"
"Posso botar link dentro de lugar que o cara clicar e já escreve o e-mail e já faz uma intro direto para você.","25:53","26:00",4,"speaker 5"
"Cara, daqui a pouco a gente vai ter 30 empresas que você só precisa dar uma clicada e vai estar direto com o cara que pode contratar o seu serviço.","26:00","26:07",4,"speaker 5"
"Por exemplo, os perks, a gente hoje tem perks Da Microsoft, Da Nvidia, Da Oracle.","26:07","26:13",4,"speaker 5"
"Meu irmão, imagina que tudo que a Norte pode oferecer pra você tá num lugar só.","26:13","26:18",4,"speaker 5"
"Meu irmão, automático.","26:18","26:19",4,"speaker 5"
"Cara, isso só não tem preço, ou seja...","26:19","26:21",4,"speaker 5"
"É o agente Da Norte, né?","26:21","26:23",3,"speaker 4"
"É o agente Da Norte.","26:23","26:24",4,"speaker 5"
"Legal, vamos fazer isso.","26:26","26:27",3,"speaker 4"
"Baby, o que você está mostrando aí, Baby?","26:27","26:29",3,"speaker 4"
"Não, cara, só fiz prompt aqui para ver como é que a gente pode brincar dessa interface, né?","26:29","26:34",1,"speaker 2"
"Portfólio, pedidos de ajuda, pode aceitar ou não aceitar, ver a performance das empresas.","26:34","26:40",1,"speaker 2"
"Espera aí, tu fez isso agora.","26:40","26:41",3,"speaker 4"
"Detalhe, fiz agora.","26:41","26:44",1,"speaker 2"
"Clica para ver o detalhe, né?","26:44","26:45",1,"speaker 2"
"TechFlow, as empresas investidas, as metrics que você escolheu acompanhar.","26:45","26:50",1,"speaker 2"
"Sei lá, agora a gente tem que, tipo, acho que tem dois caminhos aqui, né?","26:50","26:53",1,"speaker 2"
"Quer ver como é que eu deito.","26:53","26:54",1,"speaker 2"
"Esse químico dessa porra?","26:54","26:56",0,"speaker 1"
"Fiz agora, só digitou ali prompt.","26:56","27:00",0,"speaker 1"
"Fiz prompt, o que estava preparando, depois fui transcrevendo aqui.","27:00","27:03",1,"speaker 2"
"Aí ele fez aqui, dashboard com o portfólio, comparação de todas as empresas, o pedido de ajuda.","27:03","27:10",1,"speaker 2"
"O que você pediu para ele mudar o tema ali?","27:10","27:12",3,"speaker 4"
"Ele terminou?","27:12","27:13",3,"speaker 4"
"Será que ele...","27:13","27:14",3,"speaker 4"
"Eu pedi para ele mudar o tema para ficar com o tema Da noite.","27:14","27:16",1,"speaker 2"
"o tema Da escrota aí também que você botou, né?","27:16","27:18",3,"speaker 4"
"Vamos olhar.","27:18","27:18",0,"speaker 1"
"Eu pedi para ele pegar as cores, mas eu não sei se ele pegou direitinho não, acho que não.","27:18","27:23",1,"speaker 2"
"É, dá refresh aí, dá refresh pra ver se ele fez a Viu mudar de tema, vamos ver.","27:23","27:28",3,"speaker 4"
"Deixa eu ver, deixa eu ver.","27:28","27:28",1,"speaker 2"
"Eu, by the way, eu tô com o horário condavando pra fazer...","27:28","27:31",3,"speaker 4"
"Ele tá pensando ainda, aguenta aí, aguenta aí.","27:31","27:33",1,"speaker 2"
"ele tá pensando.","27:33","27:33",3,"speaker 4"
"Vai ter que mudar o tema, vai ter que mudar o tema dessa porra também.","27:33","27:36",1,"speaker 2"
"Mas, cara, a gente tá fazendo muito isso.","27:37","27:42",1,"speaker 2"
"A gente fez o nosso próprio LMS aqui, né?","27:42","27:45",1,"speaker 2"
"A gente tem a certificação aí deco.","27:45","27:48",1,"speaker 2"
"A gente criou o nosso LMS com prompt.","27:48","27:50",1,"speaker 2"
"Agora a gente ensina a Deco com sisteminha.","27:50","27:54",1,"speaker 2"
"Você dá review, coloca as coisas.","27:54","27:56",1,"speaker 2"
"A gente fez o nosso stats.deco...","27:56","27:59",1,"speaker 2"
"Mostra o billing, né?","27:59","28:00",1,"speaker 2"
"Melhor ainda.","28:00","28:01",3,"speaker 4"
"Billing.","28:01","28:01",1,"speaker 2"
"willing.deco.page, tipo, cara, tudo que tem a ver com os nossos resultados, como que a gente track todo o nosso...","28:02","28:10",1,"speaker 2"
"Pensa que tem data lake aqui que a gente tá puxando essa porra toda.","28:10","28:13",1,"speaker 2"
"Poderia ser vocês, entendeu, Antônio?","28:13","28:14",1,"speaker 2"
"E aí a gente pode ver, cara.","28:15","28:17",4,"speaker 5"
"A performance de cada dos nossos sites.","28:17","28:19",1,"speaker 2"
"Essa porra toda aí era Airtable e CUSP antes, tá?","28:19","28:22",3,"speaker 4"
"Aí agora a gente tem Airtable.","28:22","28:24",3,"speaker 4"
"Foi feito com prompt na Deco, entendeu?","28:24","28:26",1,"speaker 2"
"Eu consegui acompanhar os requests, a banda.","28:26","28:28",1,"speaker 2"
"Calma, calma.","28:28","28:29",3,"speaker 4"
"Isso aí foi feito por engenheiro, né?","28:29","28:30",3,"speaker 4"
"O Dex.","28:30","28:31",3,"speaker 4"
"Mas estamos chegando lá.","28:31","28:34",3,"speaker 4"
"É, mas foi feito usando o nosso framework, né?","28:34","28:37",1,"speaker 2"
"Então, assim, o que a gente consegue construir, dado que vocês têm os dados, Tem trabalho chato para organizar os dados, e dado que você dá os dados organizados, cara, fazer a UI, fazer o admin, é uma questão agora de a gente pensar como é que é essa interface.","28:37","28:50",1,"speaker 2"
"Olha, ele fez aqui, ele melhorou pouquinho essa interface aqui para ficar mais próximo a North Vendors.","28:50","28:56",1,"speaker 2"
"Esse tema foi muito melhor do que o que está fora.","28:56","28:59",3,"speaker 4"
"É, total.","28:59","29:01",1,"speaker 2"
"Muda aí, muda aí.","29:01","29:02",1,"speaker 2"
"O Guilherme ama essa, foi ele que fez, né?","29:02","29:05",1,"speaker 2"
"Vou botar isso aqui talvez não.","29:06","29:08",1,"speaker 2"
"Deixa eu ver aqui uma porra.","29:08","29:09",1,"speaker 2"
"Pronto, isso aqui talvez seja mais próximo.","29:09","29:10",1,"speaker 2"
"Depois a gente mexe nessas cores aí, foda-se.","29:10","29:12",1,"speaker 2"
"Não, tem o Elegant Luxury.","29:12","29:14",3,"speaker 4"
"Volta, volta, volta, volta.","29:14","29:15",3,"speaker 4"
"É porque a norte é amarelinha, pô.","29:15","29:17",3,"speaker 4"
"Volta.","29:17","29:17",3,"speaker 4"
"Hã?","29:17","29:18",3,"speaker 4"
"Amarelinha e preta, amarelinha e preta.","29:18","29:20",4,"speaker 5"
"É, é.","29:20","29:20",2,"speaker 3"
"Volta, volta, volta.","29:20","29:22",3,"speaker 4"
"Tinha uma outra, tinha uma outra.","29:22","29:23",4,"speaker 5"
"Volta, volta, volta.","29:23","29:25",3,"speaker 4"
"Mais ou menos, mais ou menos.","29:25","29:27",3,"speaker 4"
"Essa aí, essa aí, essa aí.","29:27","29:28",3,"speaker 4"
"Essa aí.","29:28","29:29",3,"speaker 4"
"Essa ou a do lado?","29:29","29:31",4,"speaker 5"
"É, é.","29:31","29:32",4,"speaker 5"
"Essa é boa.","29:32","29:32",4,"speaker 5"
"Mano, porra.","29:32","29:34",3,"speaker 4"
"Babyland aqui.","29:36","29:38",1,"speaker 2"
"Car, views, pronto.","29:38","29:40",1,"speaker 2"
"Aí, cara, qual é a parada daqui, né?","29:40","29:43",1,"speaker 2"
"Esse admin todo, ele é completamente extensível.","29:43","29:47",1,"speaker 2"
"Então, tu pode esconder o que você quiser, colocar aqui os apps que você criou, entendeu?","29:47","29:52",1,"speaker 2"
"Posso pinar app novo aqui em cima.","29:52","29:54",1,"speaker 2"
"Então, você vê que meio que vai customizando todo o admin, que aí o cara basicamente quando entrar aqui, ele vai ver admin desenhando por vocês, com o que vocês escolheram mostrar.","29:54","30:05",1,"speaker 2"
"O cara dá upload do reporte mensal, ou ele vai, cara, ele vai aqui nos apps, você quer fazer com que ele conecte automaticamente com Slack, com o Airtable, com a gravação de reunião, onde tem Investor Updates mensal, você quer puxar já do Meeting Recording dele para já pegar os resultados do mês sem ter o trabalho de fechar report.","30:05","30:24",1,"speaker 2"
"Bem, deixa eu mostrar aqui o Health Check.","30:24","30:28",3,"speaker 4"
"Então, caso que eu acho que o Antônio vai sensibilizar rapidamente.","30:28","30:38",3,"speaker 4"
"A gente está fazendo esse novo exemplo aqui, porque agora, muito o que a gente vai fazer, agora que as bases estão ficando mais sólidas, são templates de apps que as pessoas podem produtivamente botar os dados delas e sair rodando.","30:38","30:54",3,"speaker 4"
"E aí a gente estava...","30:55","30:56",3,"speaker 4"
"Ia ter workshop hoje com a farm, mas coitado, desmarcaram porque o tio Da menina foi baleado ontem, né?","30:56","31:03",3,"speaker 4"
"Porra, tem negócio aqui do Rio de Janeiro.","31:03","31:05",3,"speaker 4"
"Aí remarcamos o workshop.","31:05","31:08",3,"speaker 4"
"Enfim.","31:08","31:09",3,"speaker 4"
"Aí, o que é isso aí que a gente estava fazendo aqui para a farm de exemplo?","31:09","31:13",3,"speaker 4"
"Olha só, ele é dashboard que pega dados de pedido, orders canceled, erros e bagage checkouts que a gente tirou.","31:13","31:23",3,"speaker 4"
"E aí ele vai no DataSource lá Da VTX, ele tem aqui, a gente tem essas apps aqui, né?","31:24","31:31",3,"speaker 4"
"Aí aqui tem a app Da VTX, aí a app Da VTX tem lá suas tools.","31:31","31:35",3,"speaker 4"
"Aí esse bicho vai na DataSource Da VTX, tem workflow, que pega e acumula nosso database aqui os pedidos.","31:35","31:45",3,"speaker 4"
"Aí tem agente, que é o Anomaly Detector, Ele tem algumas ferramentas que a gente também construiu aqui, também com o Prompt.","31:45","31:57",3,"speaker 4"
"As ferramentas são, para vocês entenderem, Anomaly Register.","31:57","32:01",3,"speaker 4"
"Essa ferramenta consegue pegar tipo de anomalia que o bicho achou e botar no banco.","32:01","32:07",3,"speaker 4"
"Esse workflow fica chamando esse agente.","32:07","32:11",3,"speaker 4"
"Esse agente chama essa ferramenta quando decide.","32:11","32:14",3,"speaker 4"
"Ele olha os dados em uma janela.","32:14","32:16",3,"speaker 4"
"Estou usando aqui o Sony de 4.5, mas pode usar qualquer modelo e tal, aí ele decide que aconteceu uma anomalia, chama a tool, que guarda no banco, e aí aparece a anomalia aqui no final.","32:16","32:31",3,"speaker 4"
"Aí daqui, a anomalia detectada.","32:31","32:32",3,"speaker 4"
"Daqui a pouco a próxima feature vai ser configurar alerta para quando tiver a severidade maior do que tal, manda, aí pode ser e-mail, pode ser PagerDuty, whatever, algum MCT que você tenha configurado.","32:32","32:45",3,"speaker 4"
"Caralho, o rap de vocês está muito do caralho, bicho.","32:45","32:48",0,"speaker 1"
"Obrigado.","32:48","32:50",3,"speaker 4"
"Então, assim, isso aqui é exatamente o tipo de ferramentinha que, agora que já tem aqui PRD, tudo começa aqui, né?","32:50","33:00",3,"speaker 4"
"A gente é plan driven.","33:00","33:01",3,"speaker 4"
"Você começa fazendo PRD.","33:01","33:03",3,"speaker 4"
"Agora que tem aqui PRD, já tem os tools e views preparadinhas e os workflows preparadinhos, É muito fácil agora eu transformar isso aqui num template e qualquer pessoa chegar e trocar a app Da Vitex pela app de qualquer outra coisa e botar esse bicho para rodar e consumir e aí ele vai gastando o crédito de AI que ele tem aqui, ele bota na nossa wallet, aí o bicho vai ficar lá fazendo esse workflow rodando todo dia e reportando esse tipo de anomalia.","33:03","33:31",3,"speaker 4"
"Pronto, esse é exemplo do que a gente está...","33:31","33:33",3,"speaker 4"
"Esse banco que vocês têm é o que?","33:33","33:35",0,"speaker 1"
"É Postmas?","33:35","33:36",0,"speaker 1"
"É SQLite no momento, porque esse nosso manager aqui, ele tá todo baseado na Cloudflare, mas a gente tá fazendo movimento muito forte pra ser completamente self-hosted, o nosso admin inteiro.","33:37","33:55",3,"speaker 4"
"E aí, isso significa que não pode depender Da Cloudflare, né?","33:55","33:58",3,"speaker 4"
"E aí, essa versão nova que a gente tá fazendo, que inclusive É muito foda, cara.","33:58","34:02",3,"speaker 4"
"A nossa empresa é prompt.","34:02","34:04",3,"speaker 4"
"Tá aqui o prompt, ó.","34:04","34:05",3,"speaker 4"
"Se você quiser, você pode dar uma olhada.","34:05","34:08",3,"speaker 4"
"A gente tá fazendo essa re-arquitetura, basicamente, mas o ponto é, é tudo o que a gente já fez, só que self-hosted, que você dá NPM install e sai rodando esse treco.","34:08","34:18",3,"speaker 4"
"Aí você tem que dar o banco.","34:18","34:19",3,"speaker 4"
"Aí você diz qual Postgre que você quer usar, qual que é o SQL, tá ligado?","34:19","34:24",3,"speaker 4"
"Isso aqui é muito legal.","34:24","34:26",3,"speaker 4"
"Deixa eu só mostrar detalhe aqui, ó.","34:26","34:30",3,"speaker 4"
"Esse aqui é o nosso CTO que escreveu.","34:32","34:35",3,"speaker 4"
"O GitHub tá mal, hein?","34:35","34:38",3,"speaker 4"
"Parece que a Azure tá dando pau hoje.","34:38","34:41",0,"speaker 1"
"Esse aqui vai ser o nosso paper.","34:41","34:47",3,"speaker 4"
"Declaring Composed Context, a new paradigm for MCP native software engineering.","34:47","34:52",3,"speaker 4"
"We propose a secure web-based MCP admin that centralizes context management for AI applications across teams and organizations with integrated observability and cost control.","34:52","35:01",3,"speaker 4"
"Isso aqui é a nossa declaração.","35:02","35:04",3,"speaker 4"
"Então, pra long story short, Gustavo, você não tá viajando, a gente vai fazer essa porra, vai ser do caralho, vai ter Norte ou Oeste aí que vai virar a benchmark dessa porra dessa indústria, vai todo mundo querer te copiar, ou você vai ganhar dinheiro com isso, vai fazer esse case e vai, porra, Você vai acabar pivotando, vai sair de vici e vai virar sai.","35:04","35:27",1,"speaker 2"
"O Gu nosso se tiou aí.","35:27","35:32",2,"speaker 3"
"Os moleque vão a loucura.","35:32","35:35",4,"speaker 5"
"O cara que não tem nem computador, tá vendo?","35:35","35:37",4,"speaker 5"
"AI agora me permite, irmão.","35:37","35:39",4,"speaker 5"
"É só com áudio e ideia maluca.","35:39","35:41",4,"speaker 5"
"Tá maluco?","35:42","35:44",4,"speaker 5"
"Eu acho que é pensar o que tu quer botar na frente de founder primeiro e aí a gente que é mais técnico vai fazendo o backwards para alcançar.","35:44","35:53",0,"speaker 1"
"O meu sentimento é que a Deco é uma tool mais tipo ready to go assim para fazer a versão inicial.","35:53","36:01",0,"speaker 1"
"Porque, cara, a NET é a camada analítica.","36:01","36:03",0,"speaker 1"
"Normalmente, tu precisa de uma camada analítica quando as coisas começam a crescer em volume de dados ou processamento e etc.","36:03","36:12",0,"speaker 1"
"Eles já têm banco de dados deles ali interno que vai resolver muita coisa no início para testar, prototipar e tal.","36:12","36:19",0,"speaker 1"
"Pelo menos é o meu sentimento.","36:19","36:21",0,"speaker 1"
"O Gui pode...","36:21","36:22",0,"speaker 1"
"E até é o que eu recomendo para o meu time sempre e para alguns clientes malucos que eles querem contratar sem nem saber o que estão contratando.","36:22","36:30",0,"speaker 1"
"É tipo, cara...","36:30","36:31",0,"speaker 1"
"Bicho, tu nunca teve banco de dados lake na tua vida, né?","36:31","36:37",0,"speaker 1"
"Por que tu acha que hoje tu precisa de lake house com 5 tera dentro Da tua cloud?","36:37","36:44",0,"speaker 1"
"Mano, você diria que você é cheap?","36:44","36:47",3,"speaker 4"
"Você é muito eficiente em termos de data warehouse?","36:47","36:52",3,"speaker 4"
"Com certeza, bicho.","36:53","36:54",0,"speaker 1"
"A média que os meus clientes gastam é 50 dólares por mês pra você sair e abandonar.","36:54","37:02",0,"speaker 1"
"Eu não sou bom de data, tecnicamente.","37:02","37:06",3,"speaker 4"
"O nosso time aqui nunca teve galera muito hardcore de data.","37:06","37:10",3,"speaker 4"
"A gente é de webdev.","37:10","37:12",3,"speaker 4"
"e-commerce, sistema bem transacional.","37:12","37:17",3,"speaker 4"
"E aquele billing que a gente mostrou aqui, a gente fez esforço para organizar, pegar os nossos dados de CDN, de requests, guardar, processar e tal.","37:17","37:31",3,"speaker 4"
"Acho que tem uma outra conversa paralela aqui para a gente fazer, que talvez você possa me ajudar a organizar isso mais diferente, tá ligado?","37:31","37:39",3,"speaker 4"
"Sim, com certeza.","37:39","37:40",0,"speaker 1"
"Porque é uma fucking firehose, entendeu?","37:40","37:42",3,"speaker 4"
"São meio bi de page view por mês.","37:42","37:48",3,"speaker 4"
"50 bi requests na ASIO.","37:48","37:51",3,"speaker 4"
"Então, é meio grosseiro.","37:51","37:54",3,"speaker 4"
"Massa.","37:54","37:55",0,"speaker 1"
"Não, com certeza.","37:55","37:56",0,"speaker 1"
"Enfim, podemos falar.","37:56","37:59",0,"speaker 1"
"Eu acho que tem ponto bem legal aqui que é o fato de a Norte já estar criando esse lake com a gente e eventualmente eles vão querer acessar esse lake como base de enriquecimento dessa experiência que eles vão construir dentro Da DECO e tal.","38:00","38:18",0,"speaker 1"
"O Marcinho tem contexto legal também, por exemplo, uma coisa que eu acho animal, que foi uma das primeiras empresas a usar, depois outras usaram.","38:18","38:26",0,"speaker 1"
"Eles plugam o Firefly ali na NET, que fica extraindo dados o tempo inteiro, todas as conversas que eles têm com os founders.","38:26","38:33",0,"speaker 1"
"E, cara, isso está ali à disposição para ser produzido.","38:33","38:36",0,"speaker 1"
"Eu quero isso.","38:36","38:36",4,"speaker 5"
"Eu quero isso agora.","38:36","38:38",3,"speaker 4"
"Eu faço agora o armazenamento dos meus recordings.","38:38","38:41",3,"speaker 4"
"Pode entrar na NET ali no plano gratuito, que tu consegue plugar.","38:41","38:45",0,"speaker 1"
"Vamos fazer isso agora.","38:45","38:46",3,"speaker 4"
"Já vou começar a gravar o meu...","38:46","38:48",3,"speaker 4"
"Plano para tudo, caralho, já contrata aí, meu, já bota, já vira cliente Next logo, entendeu, Gui?","38:50","38:55",4,"speaker 5"
"Porra, toma rua.","38:55","38:56",4,"speaker 5"
"Não, eu entendo sair de vocês e eu tô entendendo que vocês estão numa transição, porque eu não vi nenhum botão pra eu, tipo, entrar de uma vez.","38:56","39:04",0,"speaker 1"
"Não, na home tem já, se você for aí no decocms.com.","39:04","39:09",3,"speaker 4"
"tá.","39:09","39:10",0,"speaker 1"
"É que eu fui na Deco CX.","39:10","39:12",0,"speaker 1"
"É, não, é.","39:12","39:13",3,"speaker 4"
"E essa porra tinha que estar no Redirect, que não tá fazendo até agora.","39:13","39:16",3,"speaker 4"
"Meu Deus do céu.","39:16","39:17",3,"speaker 4"
"A gente correu de volta, essa porra.","39:17","39:20",3,"speaker 4"
"Tá bem, bicho.","39:20","39:21",0,"speaker 1"
"Cês criaram logo.","39:21","39:23",0,"speaker 1"
"Mas vamos lá.","39:27","39:28",4,"speaker 5"
"Deixa eu pensar o que eu sugiro aqui então como o cara o Next Step.","39:28","39:31",4,"speaker 5"
"Acho que não só vocês dois.","39:31","39:33",4,"speaker 5"
"Ou seja uns a outros se conhecerem mais.","39:33","39:35",4,"speaker 5"
"Acho que tem muita técnica.","39:35","39:37",4,"speaker 5"
"Tem várias coisas aqui que acho que independente dessa relação que a gente vai ser sempre elo com certeza.","39:37","39:43",4,"speaker 5"
"Mas eu queria tentar pensar no plano de ataque.","39:43","39:48",4,"speaker 5"
"Eu acho que como a gente já usa a NET então o Antônio tem noção dos dados e tal.","39:48","39:53",4,"speaker 5"
"O que vocês tem de dados?","39:53","39:55",3,"speaker 4"
"Fala aí, porque eu acho que o Guz acha que eu fico entrando no workspace de vocês e vendo os dados de vocês.","39:57","40:03",0,"speaker 1"
"Eu não tenho acesso aos dados, bicho.","40:03","40:05",0,"speaker 1"
"Os dados ficam armazenados na cloud do cliente.","40:05","40:08",0,"speaker 1"
"Eu só acesso e tu fala assim, Toninho, entra no meu workspace e vê.","40:08","40:11",0,"speaker 1"
"O que eu tenho lá.","40:11","40:13",3,"speaker 4"
"Cara, a gente pega Fireflies, tudo que tá no Atio.","40:13","40:19",3,"speaker 4"
"Hoje em dia é principal isso, mas...","40:19","40:21",3,"speaker 4"
"E-mail também, Calendar...","40:21","40:24",3,"speaker 4"
"Cara, tem coisa que ainda pega do Google Sheets, isso daí...","40:27","40:32",3,"speaker 4"
"Cara, a Next tem mais de 100 conectores, né?","40:32","40:34",3,"speaker 4"
"É, tem bastante coisa.","40:34","40:38",0,"speaker 1"
"Então, Antônio, outra coisa que a gente tem que fazer é ser possível o cara assinar o seu plano dentro do meu admin.","40:38","40:47",3,"speaker 4"
"Isso ia ser bem legal.","40:47","40:48",0,"speaker 1"
"MCP Premium, sacou?","40:49","40:51",3,"speaker 4"
"Aperta o botão, 5 dólares por mês, já começa planozinho.","40:51","40:55",3,"speaker 4"
"Sabe o que a gente tem que fazer, cara?","40:55","40:56",0,"speaker 1"
"Vamos fazer a primeira coisa, porque eu quero entender como que isso vai se conversar.","40:56","41:01",0,"speaker 1"
"A Norte já tem uma conta Da Deco?","41:01","41:05",0,"speaker 1"
"Eu acho que esse é o primeiro passo.","41:05","41:07",0,"speaker 1"
"O Marcinho tem?","41:07","41:08",0,"speaker 1"
"Beleza.","41:08","41:09",0,"speaker 1"
"Cara, vamos configurar não sei se dá também tão fácil né mas vamos eu queria que na Deco eu consumisse o MCP Da Nect porque eu também posso usar pra Nect né então eu queria entender que tipo de caso de uso que eu ia conseguir resolver porque esse é MCP que ele é diferente dos MCP clássicos de transacional, porque a principal tool do nosso MCP é uma tool que converte linguagem natural em SQL query.","41:09","41:42",0,"speaker 1"
"E aí ele faz a consulta no banco com essa SQL, volta os resultados e ele converte de novo em linguagem natural.","41:42","41:48",0,"speaker 1"
"Mas, como vocês devem imaginar, consumir uma base analítica não é igual transacional ali.","41:48","41:55",0,"speaker 1"
"Então, tem uma pegada que é bem massa, já tem uns videos case bem legais, mas eu estou a fim de criar exemplos para 15 mesmo.","41:55","42:04",0,"speaker 1"
"O que eu gostaria era que você oferecesse essa tool em duas partes, de forma que eu pudesse planejar a query, ver os resultados, e aí, gostando dessa query, eu salvo ela agora e posso utilizar ela como ferramenta em outro...","42:04","42:24",3,"speaker 4"
"A gente tem isso.","42:24","42:25",0,"speaker 1"
"A gente tem isso.","42:25","42:28",0,"speaker 1"
"Então, o nosso MCP é o cara que conecta a Next, os dados já estão lá, aí tem uma tool de list their sources, tem uma tool de query, e list queries, e aí pronto, agora essas queries já têm salvas, e aí qualquer agente pode chamar e usar essas queries.","42:28","42:45",3,"speaker 4"
"Bem massa.","42:46","42:47",0,"speaker 1"
"Do caralho.","42:47","42:48",0,"speaker 1"
"Eu quero fazer isso pra mim.","42:48","42:50",3,"speaker 4"
"Vamos combinar que tá o meu grain aí, no Nectar.","42:50","42:53",3,"speaker 4"
"Eu apertei o botão de book a demo aqui, porque o outro...","42:53","42:55",3,"speaker 4"
"A gente usa o Slack?","42:55","42:57",3,"speaker 4"
"A gente usa o Discord.","42:57","42:58",3,"speaker 4"
"Os caras que consumem open source é uma loucura total.","42:58","43:03",0,"speaker 1"
"Não, então eu vou criar grupo de notas.","43:03","43:07",0,"speaker 1"
"A gente tem o Slack também.","43:07","43:08",3,"speaker 4"
"Se você quiser, me manda e-mail pra guia.cx que a gente tem o Slack.","43:08","43:12",3,"speaker 4"
"Só que é uso externo, né?","43:12","43:14",3,"speaker 4"
"É, porque, cara, eu tenho muito cliente no WhatsApp, então não é nenhum problema pra mim o WhatsApp.","43:15","43:19",0,"speaker 1"
"Eu também, eu também.","43:19","43:20",3,"speaker 4"
"Fazer o quê, né, Brasil?","43:20","43:22",0,"speaker 1"
"Não, mas assim, eu quero ter o teu WhatsApp ortogonalmente, pra gente poder trabalhar.","43:22","43:28",3,"speaker 4"
"Anota aqui.","43:28","43:29",0,"speaker 1"
"Eu vou ter que pular no Macau com o Clint agora.","43:29","43:31",0,"speaker 1"
"Por isso que eu tô meio agoniado.","43:31","43:32",0,"speaker 1"
"Não, não.","43:32","43:33",3,"speaker 4"
"Vamos fazer pior.","43:33","43:34",4,"speaker 5"
"Vamos fazer melhor, cara.","43:34","43:34",4,"speaker 5"
"Vamos montar grupão aqui.","43:34","43:36",4,"speaker 5"
"Depois vocês montam a gente faz.","43:36","43:37",4,"speaker 5"
"Vocês, cada pega os poisas.","43:37","43:38",4,"speaker 5"
"Grupo Next Call, lança grupo.","43:38","43:41",4,"speaker 5"
"E vamos tirar do papo essa porra.","43:41","43:43",4,"speaker 5"
"Vamos pensar o que é a primeira etapa.","43:43","43:45",4,"speaker 5"
"Cara, Marcinho, dá uma pensada pra sugerir no grupo.","43:45","43:48",4,"speaker 5"
"Se a gente...","43:48","43:48",4,"speaker 5"
"O Salomão, monta grupo.","43:48","43:50",4,"speaker 5"
"Marcinho, pensa o que seria o melhor ponto de começo.","43:50","43:52",4,"speaker 5"
"A gente começa no Deco.","43:52","43:54",4,"speaker 5"
"Desenha o framework.","43:54","43:55",4,"speaker 5"
"O grain, o dado Da reunião, Gustavo, já dá para a gente brincar.","43:55","43:59",3,"speaker 4"
"Se você tem o dado Da reunião, a gente já tem bot aqui que fica lendo reunião, lendo CRM, achando coisa importante e fazendo report.","43:59","44:07",3,"speaker 4"
"Já é uma brincadeira.","44:07","44:09",3,"speaker 4"
"Cara, eu quero 20 coisas para a gente fazer, meu irmão, passo a passo.","44:09","44:15",4,"speaker 5"
"E a gente depois vira case em cima disso.","44:15","44:19",4,"speaker 5"
"Meu irmão, pode ser que surjam outros fundos querendo fazer, mais clientes para vocês.","44:19","44:23",4,"speaker 5"
"Vamos fazer uma conversinha.","44:23","44:25",0,"speaker 1"
"Porque o Gus é megalomaníaco.","44:25","44:27",0,"speaker 1"
"Em mês nós ia ter que fazer prédio inteiro com...","44:27","44:29",0,"speaker 1"
"O Marcinho vai saber escolher quem é o primeiro, que o Gus fala todo dia e tal.","44:29","44:34",0,"speaker 1"
"E aí, depois que a gente entregar o presente de Natal pro Gus, aí.","44:34","44:38",0,"speaker 1"
"A gente fala do próximo.","44:38","44:40",4,"speaker 5"
"Você libera o Meacondo lá?","44:40","44:47",3,"speaker 4"
"Do quem?","44:47","44:48",4,"speaker 5"
"Do Antônio.","44:48","44:50",3,"speaker 4"
"Como liberar?","44:50","44:51",0,"speaker 1"
"Não, eu botei book a demo aqui no teu site.","44:52","44:54",3,"speaker 4"
"vai no entrar ali, bicho.","44:54","44:57",0,"speaker 1"
"Hã?","44:57","44:58",3,"speaker 4"
"Vai no entrar.","44:58","45:00",0,"speaker 1"
"Eu botei start for free aqui, não tá com o botão, não tá funcionando.","45:00","45:04",3,"speaker 4"
"Ué?","45:04","45:05",3,"speaker 4"
"Ué?","45:05","45:06",4,"speaker 5"
"Ó o bug aí, ó.","45:06","45:07",4,"speaker 5"
"Bom, a gente vai meter o grupo de WhatsApp e vamos pensar nos next steps.","45:07","45:11",4,"speaker 5"
"Ok.","45:11","45:11",1,"speaker 2"
"Aqui não é clicável, eu já tinha preenchido aqui.","45:12","45:15",3,"speaker 4"
"Olha lá em cima, lá em cima.","45:15","45:16",0,"speaker 1"
"Mas aquele de baixo tu clicou e não foi?","45:16","45:19",0,"speaker 1"
"Não, é que ele não tá com o botão.","45:19","45:21",3,"speaker 4"
"Obrigado.","45:21","45:24",0,"speaker 1"
"Galera, os caras estão de loucura aqui.","45:25","45:29",0,"speaker 1"
"Eu vou sair porque eu tenho uma call com cliente, mas vamos falar no ato ali assim, que acho que vai ser bem massa, cara.","45:31","45:37",0,"speaker 1"
"Vai ser muito legal.","45:37","45:38",4,"speaker 5"
"Parabéns.","45:38","45:38",3,"speaker 4"
"Animal o que vocês estão fazendo.","45:38","45:40",0,"speaker 1"
"Muito bom.","45:40","45:40",3,"speaker 4"
"Muito animadaço com as outras coisas.","45:40","45:42",3,"speaker 4"
"Muito bom.","45:42","45:43",3,"speaker 4"
"Valeu.","45:43","45:44",0,"speaker 1"
"Valeu, meu irmão.","45:44","45:45",4,"speaker 5"
"Valeu, galera.","45:45","45:46",2,"speaker 3"
"E aí, Marcinho?","45:46","45:50",2,"speaker 3"
"","",,,
"meeting created at","29th Oct, 2025 - 2:00 PM",,,